No,File Name,Label
1, Data_00.nii, AD
2, Data_01.nii, NC
3, Data_02.nii, NC
4, Data_03.nii, AD
5, Data_04.nii, NC
6, Data_05.nii, NC
7, Data_06.nii, AD
8, Data_07.nii, AD
9, Data_08.nii, AD
10, Data_09.nii, AD
11, Data_10.nii, AD
12, Data_11.nii, AD
13, Data_12.nii, NC
14, Data_13.nii, AD
15, Data_14.nii, NC
16, Data_15.nii, NC
17, Data_16.nii, NC
18, Data_17.nii, NC
19, Data_18.nii, AD
20, Data_19.nii, AD
21, Data_20.nii, AD
22, Data_21.nii, NC
23, Data_22.nii, AD
24, Data_23.nii, AD
25, Data_24.nii, NC
26, Data_25.nii, NC
27, Data_26.nii, NC
28, Data_27.nii, NC
29, Data_28.nii, NC
30, Data_29.nii, NC
31, Data_30.nii, NC
32, Data_31.nii, NC
33, Data_32.nii, NC
34, Data_33.nii, AD
35, Data_34.nii, AD
36, Data_35.nii, AD
37, Data_36.nii, AD
38, Data_37.nii, NC
39, Data_38.nii, NC
40, Data_39.nii, AD
41, Data_40.nii,
42, Data_41.nii,
43, Data_42.nii,
44, Data_43.nii,
45, Data_44.nii,
46, Data_45.nii,
47, Data_46.nii,
48, Data_47.nii,
49, Data_48.nii,
50, Data_49.nii,